{
  "GET Health" : {
    "transaction" : "GET Health",
    "sampleCount" : 100,
    "errorCount" : 0,
    "errorPct" : 0.0,
    "meanResTime" : 52.99,
    "medianResTime" : 35.0,
    "minResTime" : 5.0,
    "maxResTime" : 195.0,
    "pct1ResTime" : 118.70000000000002,
    "pct2ResTime" : 161.74999999999994,
    "pct3ResTime" : 194.98,
    "throughput" : 10.172939979654121,
    "receivedKBytesPerSec" : 18.955048321464904,
    "sentKBytesPerSec" : 1.2020759155645981
  },
  "Total" : {
    "transaction" : "Total",
    "sampleCount" : 100,
    "errorCount" : 0,
    "errorPct" : 0.0,
    "meanResTime" : 52.99,
    "medianResTime" : 35.0,
    "minResTime" : 5.0,
    "maxResTime" : 195.0,
    "pct1ResTime" : 118.70000000000002,
    "pct2ResTime" : 161.74999999999994,
    "pct3ResTime" : 194.98,
    "throughput" : 10.172939979654121,
    "receivedKBytesPerSec" : 18.955048321464904,
    "sentKBytesPerSec" : 1.2020759155645981
  }
}