{
  "GET Combo Data (초기 코드 조회)" : {
    "transaction" : "GET Combo Data (초기 코드 조회)",
    "sampleCount" : 50,
    "errorCount" : 0,
    "errorPct" : 0.0,
    "meanResTime" : 17.419999999999998,
    "medianResTime" : 8.0,
    "minResTime" : 4.0,
    "maxResTime" : 105.0,
    "pct1ResTime" : 42.699999999999996,
    "pct2ResTime" : 58.699999999999974,
    "pct3ResTime" : 105.0,
    "throughput" : 5.185108368764907,
    "receivedKBytesPerSec" : 13.666608874312972,
    "sentKBytesPerSec" : 1.0481615550139998
  },
  "GET Defect Search (결함관리 조회)" : {
    "transaction" : "GET Defect Search (결함관리 조회)",
    "sampleCount" : 50,
    "errorCount" : 0,
    "errorPct" : 0.0,
    "meanResTime" : 19.42,
    "medianResTime" : 13.0,
    "minResTime" : 4.0,
    "maxResTime" : 100.0,
    "pct1ResTime" : 35.599999999999994,
    "pct2ResTime" : 62.34999999999999,
    "pct3ResTime" : 100.0,
    "throughput" : 5.187798298402158,
    "receivedKBytesPerSec" : 2.4165818245486617,
    "sentKBytesPerSec" : 3.0447917747457978
  },
  "GET Main Page (메인 진입)" : {
    "transaction" : "GET Main Page (메인 진입)",
    "sampleCount" : 50,
    "errorCount" : 0,
    "errorPct" : 0.0,
    "meanResTime" : 21.199999999999996,
    "medianResTime" : 8.5,
    "minResTime" : 3.0,
    "maxResTime" : 113.0,
    "pct1ResTime" : 67.19999999999999,
    "pct2ResTime" : 87.89999999999982,
    "pct3ResTime" : 113.0,
    "throughput" : 5.19318653926049,
    "receivedKBytesPerSec" : 13.687900849085999,
    "sentKBytesPerSec" : 2.728451521603656
  },
  "GET DevStatus Search (개발현황 조회)" : {
    "transaction" : "GET DevStatus Search (개발현황 조회)",
    "sampleCount" : 50,
    "errorCount" : 0,
    "errorPct" : 0.0,
    "meanResTime" : 35.86,
    "medianResTime" : 29.5,
    "minResTime" : 10.0,
    "maxResTime" : 127.0,
    "pct1ResTime" : 70.39999999999999,
    "pct2ResTime" : 84.99999999999991,
    "pct3ResTime" : 127.0,
    "throughput" : 5.182421227197346,
    "receivedKBytesPerSec" : 153.5595946050995,
    "sentKBytesPerSec" : 4.5295576155679935
  },
  "Total" : {
    "transaction" : "Total",
    "sampleCount" : 300,
    "errorCount" : 0,
    "errorPct" : 0.0,
    "meanResTime" : 38.26666666666665,
    "medianResTime" : 23.0,
    "minResTime" : 3.0,
    "maxResTime" : 156.0,
    "pct1ResTime" : 104.60000000000014,
    "pct2ResTime" : 116.0,
    "pct3ResTime" : 129.99,
    "throughput" : 30.28161905723226,
    "receivedKBytesPerSec" : 199.25049049914202,
    "sentKBytesPerSec" : 13.43056834813768
  },
  "GET Login Page (로그인 페이지)" : {
    "transaction" : "GET Login Page (로그인 페이지)",
    "sampleCount" : 50,
    "errorCount" : 0,
    "errorPct" : 0.0,
    "meanResTime" : 36.239999999999995,
    "medianResTime" : 25.0,
    "minResTime" : 8.0,
    "maxResTime" : 125.0,
    "pct1ResTime" : 75.9,
    "pct2ResTime" : 86.94999999999996,
    "pct3ResTime" : 125.0,
    "throughput" : 5.147740142077628,
    "receivedKBytesPerSec" : 13.56811586276125,
    "sentKBytesPerSec" : 0.9601741866570577
  },
  "POST Signin (로그인)" : {
    "transaction" : "POST Signin (로그인)",
    "sampleCount" : 50,
    "errorCount" : 0,
    "errorPct" : 0.0,
    "meanResTime" : 99.45999999999998,
    "medianResTime" : 103.0,
    "minResTime" : 65.0,
    "maxResTime" : 156.0,
    "pct1ResTime" : 128.9,
    "pct2ResTime" : 138.0999999999999,
    "pct3ResTime" : 156.0,
    "throughput" : 5.126627704296115,
    "receivedKBytesPerSec" : 7.564779747257254,
    "sentKBytesPerSec" : 1.4668964036706653
  }
}