{
  "GET Combo Data (초기 코드 조회)" : {
    "transaction" : "GET Combo Data (초기 코드 조회)",
    "sampleCount" : 100,
    "errorCount" : 0,
    "errorPct" : 0.0,
    "meanResTime" : 14.020000000000001,
    "medianResTime" : 7.0,
    "minResTime" : 3.0,
    "maxResTime" : 149.0,
    "pct1ResTime" : 23.400000000000034,
    "pct2ResTime" : 57.0,
    "pct3ResTime" : 148.93999999999997,
    "throughput" : 1.001763103061388,
    "receivedKBytesPerSec" : 2.640389272619811,
    "sentKBytesPerSec" : 0.20250484602901106
  },
  "GET Defect Search (결함관리 조회)" : {
    "transaction" : "GET Defect Search (결함관리 조회)",
    "sampleCount" : 100,
    "errorCount" : 0,
    "errorPct" : 0.0,
    "meanResTime" : 18.139999999999997,
    "medianResTime" : 10.0,
    "minResTime" : 4.0,
    "maxResTime" : 184.0,
    "pct1ResTime" : 27.900000000000006,
    "pct2ResTime" : 78.59999999999968,
    "pct3ResTime" : 183.68999999999983,
    "throughput" : 1.0093363613424173,
    "receivedKBytesPerSec" : 0.4701693792581378,
    "sentKBytesPerSec" : 0.1882648877113298
  },
  "GET Deliverable Consistency Grid2 (산출물정합성체크 조회2)" : {
    "transaction" : "GET Deliverable Consistency Grid2 (산출물정합성체크 조회2)",
    "sampleCount" : 100,
    "errorCount" : 0,
    "errorPct" : 0.0,
    "meanResTime" : 22.669999999999998,
    "medianResTime" : 18.5,
    "minResTime" : 8.0,
    "maxResTime" : 186.0,
    "pct1ResTime" : 32.60000000000002,
    "pct2ResTime" : 43.89999999999998,
    "pct3ResTime" : 185.82999999999993,
    "throughput" : 0.9915224827722968,
    "receivedKBytesPerSec" : 7.599090278122056,
    "sentKBytesPerSec" : 0.30888249219176045
  },
  "Login Thread Group (로그인 테스트)" : {
    "transaction" : "Login Thread Group (로그인 테스트)",
    "sampleCount" : 100,
    "errorCount" : 0,
    "errorPct" : 0.0,
    "meanResTime" : 136.32000000000005,
    "medianResTime" : 124.5,
    "minResTime" : 78.0,
    "maxResTime" : 434.0,
    "pct1ResTime" : 188.00000000000006,
    "pct2ResTime" : 276.84999999999997,
    "pct3ResTime" : 433.5999999999998,
    "throughput" : 1.0093465490441489,
    "receivedKBytesPerSec" : 6.810132136080102,
    "sentKBytesPerSec" : 0.6811117826069403
  },
  "GET DevStatus Search (개발현황 조회)" : {
    "transaction" : "GET DevStatus Search (개발현황 조회)",
    "sampleCount" : 100,
    "errorCount" : 0,
    "errorPct" : 0.0,
    "meanResTime" : 27.43,
    "medianResTime" : 23.5,
    "minResTime" : 11.0,
    "maxResTime" : 201.0,
    "pct1ResTime" : 37.0,
    "pct2ResTime" : 51.64999999999992,
    "pct3ResTime" : 200.30999999999966,
    "throughput" : 1.0247266541650015,
    "receivedKBytesPerSec" : 30.363531387377417,
    "sentKBytesPerSec" : 0.4853441672558845
  },
  "GET File Management Search (파일관리 조회)" : {
    "transaction" : "GET File Management Search (파일관리 조회)",
    "sampleCount" : 100,
    "errorCount" : 0,
    "errorPct" : 0.0,
    "meanResTime" : 14.540000000000004,
    "medianResTime" : 12.0,
    "minResTime" : 5.0,
    "maxResTime" : 84.0,
    "pct1ResTime" : 25.900000000000006,
    "pct2ResTime" : 29.94999999999999,
    "pct3ResTime" : 83.78999999999989,
    "throughput" : 0.9723086496577473,
    "receivedKBytesPerSec" : 5.330606210135345,
    "sentKBytesPerSec" : 0.20604587595286247
  },
  "Browse Thread Group (조회 테스트)" : {
    "transaction" : "Browse Thread Group (조회 테스트)",
    "sampleCount" : 100,
    "errorCount" : 0,
    "errorPct" : 0.0,
    "meanResTime" : 325.17999999999995,
    "medianResTime" : 288.0,
    "minResTime" : 196.0,
    "maxResTime" : 723.0,
    "pct1ResTime" : 463.20000000000005,
    "pct2ResTime" : 638.6999999999995,
    "pct3ResTime" : 722.81,
    "throughput" : 1.009234495635061,
    "receivedKBytesPerSec" : 83.51119777211485,
    "sentKBytesPerSec" : 5.777473255285866
  },
  "GET Meeting Room Reservation Search (회의실 예약 조회)" : {
    "transaction" : "GET Meeting Room Reservation Search (회의실 예약 조회)",
    "sampleCount" : 100,
    "errorCount" : 0,
    "errorPct" : 0.0,
    "meanResTime" : 15.709999999999997,
    "medianResTime" : 11.0,
    "minResTime" : 6.0,
    "maxResTime" : 206.0,
    "pct1ResTime" : 23.700000000000017,
    "pct2ResTime" : 42.399999999999864,
    "pct3ResTime" : 204.65999999999931,
    "throughput" : 0.9785310292189364,
    "receivedKBytesPerSec" : 0.45581962982171165,
    "sentKBytesPerSec" : 0.2656558848856097
  },
  "GET Main Page (ProjectEyes현황 조회)" : {
    "transaction" : "GET Main Page (ProjectEyes현황 조회)",
    "sampleCount" : 100,
    "errorCount" : 0,
    "errorPct" : 0.0,
    "meanResTime" : 13.790000000000003,
    "medianResTime" : 8.0,
    "minResTime" : 2.0,
    "maxResTime" : 158.0,
    "pct1ResTime" : 25.700000000000017,
    "pct2ResTime" : 58.399999999999864,
    "pct3ResTime" : 157.3999999999997,
    "throughput" : 1.0233005536055995,
    "receivedKBytesPerSec" : 2.6971564396303838,
    "sentKBytesPerSec" : 0.12791256920069993
  },
  "GET IntegrationTestProgress Search (통합테스트진척현황)" : {
    "transaction" : "GET IntegrationTestProgress Search (통합테스트진척현황)",
    "sampleCount" : 100,
    "errorCount" : 0,
    "errorPct" : 0.0,
    "meanResTime" : 20.029999999999998,
    "medianResTime" : 15.0,
    "minResTime" : 5.0,
    "maxResTime" : 111.0,
    "pct1ResTime" : 40.70000000000002,
    "pct2ResTime" : 57.69999999999993,
    "pct3ResTime" : 110.81999999999991,
    "throughput" : 1.0132122882386319,
    "receivedKBytesPerSec" : 1.5356498743616762,
    "sentKBytesPerSec" : 0.357196910209127
  },
  "GET Weekly Report Search (주간보고 조회)" : {
    "transaction" : "GET Weekly Report Search (주간보고 조회)",
    "sampleCount" : 100,
    "errorCount" : 0,
    "errorPct" : 0.0,
    "meanResTime" : 22.31,
    "medianResTime" : 21.0,
    "minResTime" : 10.0,
    "maxResTime" : 83.0,
    "pct1ResTime" : 31.0,
    "pct2ResTime" : 36.89999999999998,
    "pct3ResTime" : 82.64999999999982,
    "throughput" : 0.9849693674526723,
    "receivedKBytesPerSec" : 6.010814040245848,
    "sentKBytesPerSec" : 0.4366954031479621
  },
  "GET Deployment Request Search (배포요청 조회)" : {
    "transaction" : "GET Deployment Request Search (배포요청 조회)",
    "sampleCount" : 100,
    "errorCount" : 0,
    "errorPct" : 0.0,
    "meanResTime" : 15.279999999999996,
    "medianResTime" : 13.0,
    "minResTime" : 6.0,
    "maxResTime" : 71.0,
    "pct1ResTime" : 23.600000000000023,
    "pct2ResTime" : 32.0,
    "pct3ResTime" : 70.99,
    "throughput" : 0.9650832866876411,
    "receivedKBytesPerSec" : 2.3684124018027757,
    "sentKBytesPerSec" : 0.3242076666216295
  },
  "Total" : {
    "transaction" : "Total",
    "sampleCount" : 2000,
    "errorCount" : 0,
    "errorPct" : 0.0,
    "meanResTime" : 23.074999999999985,
    "medianResTime" : 14.0,
    "minResTime" : 2.0,
    "maxResTime" : 380.0,
    "pct1ResTime" : 42.90000000000009,
    "pct2ResTime" : 85.89999999999964,
    "pct3ResTime" : 157.96000000000004,
    "throughput" : 14.177057268222834,
    "receivedKBytesPerSec" : 63.43817784055064,
    "sentKBytesPerSec" : 4.536242982356652
  },
  "GET Deliverable Consistency Grid1 (산출물정합성체크 조회1)" : {
    "transaction" : "GET Deliverable Consistency Grid1 (산출물정합성체크 조회1)",
    "sampleCount" : 100,
    "errorCount" : 0,
    "errorPct" : 0.0,
    "meanResTime" : 14.909999999999995,
    "medianResTime" : 10.5,
    "minResTime" : 5.0,
    "maxResTime" : 178.0,
    "pct1ResTime" : 22.80000000000001,
    "pct2ResTime" : 44.94999999999999,
    "pct3ResTime" : 176.7899999999994,
    "throughput" : 1.0047322890815742,
    "receivedKBytesPerSec" : 0.46802470887881925,
    "sentKBytesPerSec" : 0.3129976564619357
  },
  "GET IntegrationTest Search (통합테스트 조회)" : {
    "transaction" : "GET IntegrationTest Search (통합테스트 조회)",
    "sampleCount" : 100,
    "errorCount" : 0,
    "errorPct" : 0.0,
    "meanResTime" : 24.540000000000006,
    "medianResTime" : 17.0,
    "minResTime" : 7.0,
    "maxResTime" : 372.0,
    "pct1ResTime" : 34.60000000000002,
    "pct2ResTime" : 71.34999999999985,
    "pct3ResTime" : 369.76999999999884,
    "throughput" : 1.0185788787483703,
    "receivedKBytesPerSec" : 13.574751912381844,