{
  "GET Combo Data (초기 코드 조회)" : {
    "transaction" : "GET Combo Data (초기 코드 조회)",
    "sampleCount" : 250,
    "errorCount" : 0,
    "errorPct" : 0.0,
    "meanResTime" : 10.348000000000003,
    "medianResTime" : 6.5,
    "minResTime" : 3.0,
    "maxResTime" : 61.0,
    "pct1ResTime" : 27.0,
    "pct2ResTime" : 33.0,
    "pct3ResTime" : 48.940000000000055,
    "throughput" : 24.745125210333562,
    "receivedKBytesPerSec" : 65.22177045184598,
    "sentKBytesPerSec" : 11.710437184499654
  },
  "GET Defect Search (결함관리 조회)" : {
    "transaction" : "GET Defect Search (결함관리 조회)",
    "sampleCount" : 250,
    "errorCount" : 0,
    "errorPct" : 0.0,
    "meanResTime" : 13.452000000000007,
    "medianResTime" : 9.0,
    "minResTime" : 4.0,
    "maxResTime" : 73.0,
    "pct1ResTime" : 32.0,
    "pct2ResTime" : 37.44999999999999,
    "pct3ResTime" : 51.0,
    "throughput" : 24.87067250298448,
    "receivedKBytesPerSec" : 11.585264437425389,
    "sentKBytesPerSec" : 14.596947435833666
  },
  "GET Main Page (메인 진입)" : {
    "transaction" : "GET Main Page (메인 진입)",
    "sampleCount" : 250,
    "errorCount" : 0,
    "errorPct" : 0.0,
    "meanResTime" : 10.392000000000008,
    "medianResTime" : 7.0,
    "minResTime" : 2.0,
    "maxResTime" : 80.0,
    "pct1ResTime" : 25.80000000000001,
    "pct2ResTime" : 32.0,
    "pct3ResTime" : 60.80000000000018,
    "throughput" : 24.84595507851322,
    "receivedKBytesPerSec" : 65.48753198916717,
    "sentKBytesPerSec" : 13.053831867421984
  },
  "GET DevStatus Search (개발현황 조회)" : {
    "transaction" : "GET DevStatus Search (개발현황 조회)",
    "sampleCount" : 250,
    "errorCount" : 0,
    "errorPct" : 0.0,
    "meanResTime" : 20.22000000000001,
    "medianResTime" : 15.0,
    "minResTime" : 7.0,
    "maxResTime" : 84.0,
    "pct1ResTime" : 40.80000000000001,
    "pct2ResTime" : 52.0,
    "pct3ResTime" : 72.29000000000019,
    "throughput" : 24.843486037960847,
    "receivedKBytesPerSec" : 736.1338411755937,
    "sentKBytesPerSec" : 21.713789066381793
  },
  "Total" : {
    "transaction" : "Total",
    "sampleCount" : 1500,
    "errorCount" : 0,
    "errorPct" : 0.0,
    "meanResTime" : 23.831333333333326,
    "medianResTime" : 11.0,
    "minResTime" : 2.0,
    "maxResTime" : 137.0,
    "pct1ResTime" : 68.0,
    "pct2ResTime" : 81.95000000000005,
    "pct3ResTime" : 106.99000000000001,
    "throughput" : 145.32067428792868,
    "receivedKBytesPerSec" : 956.1977375387522,
    "sentKBytesPerSec" : 84.15069905299362
  },
  "GET Login Page (로그인 페이지)" : {
    "transaction" : "GET Login Page (로그인 페이지)",
    "sampleCount" : 250,
    "errorCount" : 0,
    "errorPct" : 0.0,
    "meanResTime" : 11.896,
    "medianResTime" : 8.0,
    "minResTime" : 3.0,
    "maxResTime" : 77.0,
    "pct1ResTime" : 26.0,
    "pct2ResTime" : 33.89999999999998,
    "pct3ResTime" : 67.92000000000007,
    "throughput" : 24.570024570024568,
    "receivedKBytesPerSec" : 64.7602503071253,
    "sentKBytesPerSec" : 11.24366554054054
  },
  "POST Signin (로그인)" : {
    "transaction" : "POST Signin (로그인)",
    "sampleCount" : 250,
    "errorCount" : 0,
    "errorPct" : 0.0,
    "meanResTime" : 76.68,
    "medianResTime" : 71.0,
    "minResTime" : 60.0,
    "maxResTime" : 137.0,
    "pct1ResTime" : 99.0,
    "pct2ResTime" : 108.44999999999999,
    "pct3ResTime" : 123.96000000000004,
    "throughput" : 24.49539486576524,
    "receivedKBytesPerSec" : 36.14506019743288,
    "sentKBytesPerSec" : 13.649484678130513
  }
}